text,engagement,line_count,language,tags,length
"Just saw a LinkedIn Influencer with 'Organic Growth' written in the profile with 65K+ followers claiming that he can help you in growing your platform, copying the posts from other influencers.",90,1,English,"['Influencer', 'LinkedIn']",Short
"Jobseekers, this oneâ€™s for you.
 Every application, every interview, every follow-upâ€¦ the pressure is immense.
 And I know what you're thinking: Am I not good enough? 
 But let me tell you, this isnâ€™t about you or your skills. Itâ€™s about a broken system where 60% of applicants never hear back. 
 Your mental health is not worth sacrificing for a system that doesnâ€™t acknowledge your worth. 
 Please remember, taking care of yourself is the real priority. 
 Your dream job will come, but for now, breathe. ğŸŒ»",347,7,English,"['Mental Health', 'Job Search']",Medium
"Looking for jobs on LinkedIn is like online dating: Full of promises, but in the end, youâ€™re just left ghosted.",109,1,English,"['Career', 'Job Search']",Short
"LinkedIn scams be like: 'Congratulations, you've been selected for a role you didnâ€™t even apply for!' 
 The catch? Pay Rs. 50,000 for the honor.",115,2,English,['Scams'],Short
"sapne dekhna achi baat hai,
lekin job ka sapna dekh ke 'interested' likhna,
yeh toh achi baat nahi hai na?",545,3,Hinglish,"['Job Search', 'Sapne']",Short
"Next time when I'll be reading some LinkedIn Influencer's story, I am starting from the last line.
If there's a link attached to it, it's most probably a fake one.
Saves me time!",188,4,English,['Productivity'],Short
"Every time I poured my heart into 5-6 rounds of interviews and faced rejection, it felt like a punch in the gut. The sleepless nights, the endless preparation, all for nothing.

But looking back, I realize it wasnâ€™t nothing. It was the Universeâ€™s way of saying, â€œNot this one, something better is on the way.â€

Every single time, Iâ€™ve been shown why that rejection happened.

Doors I thought I wanted to walk through were shut, only to have the right ones swing open.

The kind that aligned with my growth, my values, and my happiness.

At first, it stung. It hurt deeply. But now, when things donâ€™t go as planned, I donâ€™t panic.

I donâ€™t question my worth. I sit back, breathe, and trust. The Universe knows.

I know there's another plan waiting. Something bigger, better, and just for me.

To anyone feeling the weight of rejection: trust that the closed doors are protecting you from something you canâ€™t see right now.

Your path is being cleared for something even more beautiful.",206,15,English,"['Self Improvement', 'Motivation']",Long
"To everyone who's still looking for a job...

I see you. I feel you. ğŸ’”

Every rejection email feels like a punch in the gut, and every 'We'll get back to you' sounds more like 'You'll never hear from us.'

But I want you to know, you're not alone in this. ğŸŒ¸

According to a study, 80% of jobseekers struggle with anxiety and self-doubt during their search. It's normal to feel lost, but it's not the end.

Take breaks, breathe, and remember, this doesn't define you. Your worth is not tied to an offer letter. ğŸ’¥

Your mental health matters more than any job.",899,8,English,"['Mental Health', 'Job Search']",Medium
"Sometimes, we forget that a companyâ€™s brand name doesnâ€™t define someoneâ€™s talent. Itâ€™s easy to get caught up in the 'big company = big talent' mindset, but that's not always the case.

Iâ€™ve had the privilege of working with people from smaller companies (lesser known) who blow me away with their skills and dedication. They donâ€™t need a fancy title or a famous brand behind them to prove their worth.

I've seen the other side tooâ€”people in top-tier companies feeling lost, overwhelmed, or stuck, even though the world sees them as 'successful'.

Letâ€™s stop attaching someoneâ€™s value to the company they work for. Freshers especially need to hear thisâ€”skills are what matter, not the size of the company behind them.

At the end of the day, happiness and growth donâ€™t come from a brand name, they come from doing what you love and constantly improving your craft.",166,10,English,"['Self Improvement', 'Career Advice']",Medium
"So when I left a toxic work environment, I told my manager a simple thing and felt so good ğŸ˜¯

I just said-

'Hope your son gets a manager like you.
I hope that the manager behaves the same way as you did with me.
Thank you.'

Now tell me 1 thing-

She always said that she was a great manager.
Why will she get offended?

I just told her that I wish her son would get a manager like she was.

If you felt bad, then that means you were a bad manager and now you know it. 80

If you feel good, then take it as a blessing for your son and you'll really want someone to treat your son/daughter in the same way.

She cannot be even angry with me else it'll prove that she was not a 'great' manager.

Muskan - 1
Manager - 0

Muskan -> Aura +100000000

(Fictional message unfortunately :(
)

Hope you all become the people that your sons/daughters will like to work under ğŸ™

There are a lot of bad people/things, bring a small change and break the chain :)",1111,17,English,"['Leadership', 'Motivation']",Long
